City,Country,Cloudiness,Dates,Max Temperature,Latitude,Longitude,Humidity,Wind Speed
Rikitea,PF,100,1603058953,74.86,-23.12,-134.97,80,17.58
Souillac,MU,20,1603059027,73.4,-20.52,57.52,73,10.29
Nuuk,GL,45,1603059028,44.6,64.18,-51.72,75,25.28
Longyearbyen,SJ,20,1603059029,26.6,78.22,15.64,73,9.17
Saldanha,ZA,100,1603059031,57.2,-33.01,17.94,76,4.7
Vila Franca do Campo,PT,20,1603059032,60.8,37.72,-25.43,59,10.29
Punta Arenas,CL,40,1603059033,44.6,-53.15,-70.92,56,25.28
Upernavik,GL,18,1603059034,30.16,72.79,-56.15,90,9.82
Lebu,CL,0,1603058918,54.36,-37.62,-73.65,66,5.53
Ushuaia,AR,75,1603059037,39.2,-54.8,-68.3,86,17.22
Barrow,US,75,1603059039,21.2,71.29,-156.79,85,12.75
Lüderitz,NA,0,1603059040,63.84,-26.65,15.16,53,19.19
Inírida,CO,82,1603059003,82.09,3.87,-67.92,73,1.3
Bosaso,SO,0,1603059043,81.16,11.28,49.18,41,3.91
Busselton,AU,0,1603059044,57.99,-33.65,115.33,61,9.06
Sørland,NO,19,1603059045,33.8,67.67,12.69,80,5.82
Cape Canaveral,US,1,1603059018,77.0,28.41,-80.6,83,12.75
Butaritari,KI,89,1603059048,82.18,3.07,172.79,72,18.01
Baykit,RU,100,1603059049,28.38,61.67,96.37,93,12.8
Talnakh,RU,90,1603059050,15.8,69.49,88.4,92,6.71
Guerrero Negro,MX,96,1603059051,82.08,27.98,-114.06,47,13.02
Bluff,NZ,100,1603059053,48.99,-46.6,168.33,95,4.0
Vega de Alatorre,MX,13,1603059054,81.28,20.03,-96.63,73,6.49
Cape Town,ZA,99,1603059058,60.01,-33.93,18.42,82,8.05
Port Alfred,ZA,61,1603059059,61.14,-33.59,26.89,82,6.11
Shimoda,JP,79,1603059060,55.0,34.67,138.95,75,12.19
Atuona,PF,4,1603059061,78.1,-9.8,-139.03,74,19.13
Buzdyak,RU,98,1603059065,49.44,54.58,54.55,66,14.83
Dingle,PH,100,1603059066,76.5,11.0,122.67,91,4.94
Alta Floresta,BR,93,1603059068,76.35,-9.88,-56.09,75,4.29
Abu Kamal,SY,0,1603059069,70.63,34.45,40.92,28,7.52
Albany,US,97,1603058788,61.0,42.6,-73.97,51,7.16
Dikson,RU,98,1603059072,28.31,73.51,80.55,92,30.04
Ankang,CN,100,1603059074,50.4,32.68,109.02,86,0.02
Salalah,OM,0,1603059075,75.2,17.02,54.09,38,4.7
Hualmay,PE,20,1603059076,65.01,-11.1,-77.61,73,9.55
Kimbe,PG,99,1603059077,77.27,-5.55,150.14,88,3.65
Kondoa,TZ,1,1603059079,63.0,-4.9,35.78,74,5.23
Puerto Ayora,EC,20,1603059080,78.8,-0.74,-90.35,65,19.46
Saint-Augustin,CA,0,1603059081,48.97,51.23,-58.65,65,5.39
Tasiilaq,GL,69,1603059083,33.8,65.61,-37.64,80,9.17
Alihe,CN,0,1603059085,29.75,50.57,123.72,93,1.86
Almenara,BR,95,1603059086,73.6,-16.18,-40.69,76,4.81
Yulara,AU,90,1603059087,66.2,-25.24,130.99,93,6.93
Kavaratti,IN,39,1603059089,80.64,10.57,72.64,81,11.86
Bahía Blanca,AR,75,1603059090,75.2,-38.72,-62.27,31,5.82
Bredasdorp,ZA,100,1603059092,57.2,-34.53,20.04,87,2.24
Copiapó,CL,0,1603059093,60.8,-27.37,-70.33,67,10.29
Gundorovskiy,RU,100,1603059095,61.11,46.78,41.9,81,3.74
Kamina,CD,85,1603059096,68.79,-8.74,24.99,71,3.02
Kysyl-Syr,RU,78,1603059097,8.62,63.9,122.76,94,2.89
Lewistown,US,1,1603059100,59.0,40.6,-77.57,41,4.7
Selenginsk,RU,80,1603059101,23.0,52.01,106.86,92,4.56
Sharjah city,AE,0,1603059102,78.8,25.36,55.4,21,4.7
Klaksvík,FO,100,1603059103,39.2,62.23,-6.59,93,5.82
Provideniya,RU,75,1603059105,35.6,64.38,-173.3,80,4.47
Kemijärvi,FI,100,1603059107,32.27,66.71,27.43,97,14.5
Arraial do Cabo,BR,20,1603059108,73.4,-22.97,-42.03,69,12.75
George Town,MY,20,1603059109,80.6,5.41,100.34,88,3.36
Ouallam,NE,45,1603059111,93.83,14.32,2.09,22,8.79
Maniitsoq,GL,83,1603059112,40.08,65.42,-52.9,88,14.56
East London,ZA,36,1603059113,63.19,-33.02,27.91,73,5.39
Vitry-le-François,FR,96,1603059114,48.2,48.73,4.58,93,3.36
Mar del Plata,AR,40,1603059116,69.8,-38.0,-57.56,83,5.82
Coyhaique,CL,90,1603059117,41.0,-45.58,-72.07,75,5.82
Labuhan,ID,75,1603059119,78.46,-6.88,112.21,82,7.61
Clyde River,CA,90,1603058935,30.2,70.47,-68.59,100,12.75
Tromsø,NO,20,1603058872,30.2,69.65,18.96,86,14.99
Vaini,TO,75,1603059123,71.6,-21.2,-175.2,83,11.41
Scarborough,GB,94,1603059031,48.0,54.28,-0.4,90,1.99
Weinsberg,DE,82,1603059125,43.0,49.15,9.29,95,2.15
Qaanaaq,GL,93,1603059127,31.6,77.48,-69.36,90,6.35
Kapaa,US,20,1603059128,86.0,22.08,-159.32,74,3.36
Daytona Beach,US,90,1603059096,75.0,29.21,-81.02,88,13.87
Guarapari,BR,90,1603058857,71.6,-20.67,-40.5,88,3.36
Kondinskoye,RU,100,1603059131,30.94,59.65,67.41,98,10.92
Mataura,NZ,100,1603058987,48.99,-46.19,168.86,95,4.0
Carnarvon,AU,90,1603059136,68.0,-24.87,113.63,88,10.29
Ilulissat,GL,100,1603059138,46.4,69.22,-51.1,52,11.41
Yellowknife,CA,90,1603059139,28.0,62.46,-114.35,86,6.93
Thompson,CA,75,1603059140,32.0,55.74,-97.86,92,8.05
Kamaishi,JP,85,1603059129,57.6,39.27,141.88,67,4.59
Pevek,RU,97,1603059142,24.82,69.7,170.31,94,16.82
Biak,ID,96,1603059144,76.23,-0.91,122.88,82,5.59
Saint-Philippe,RE,15,1603059145,69.8,-21.36,55.77,64,5.82
Saint Paul Harbor,US,75,1603059146,48.2,57.79,-152.41,61,9.17
Cumpas,MX,0,1603059147,92.98,29.98,-109.78,11,3.69
Pravia,ES,89,1603059149,61.0,43.49,-6.15,82,3.36
Novobiryusinskiy,RU,86,1603059150,30.43,56.96,97.71,93,8.99
Hobart,AU,75,1603058967,55.99,-42.88,147.33,57,5.82
Hermanus,ZA,100,1603059152,59.0,-34.42,19.23,86,7.54
Hithadhoo,MV,100,1603059153,83.28,-0.6,73.08,76,16.37
Gur'yevsk,RU,96,1603059155,30.94,54.28,85.93,95,11.43
Hong Kong,HK,17,1603058958,73.0,22.29,114.16,75,1.01
Dunedin,NZ,100,1603058983,55.0,-45.87,170.5,80,3.47
Necochea,AR,65,1603058933,61.0,-38.55,-58.74,71,4.0
Faanui,PF,54,1603059160,79.57,-16.48,-151.75,78,7.67
Tuktoyaktuk,CA,20,1603059161,15.8,69.45,-133.04,92,2.24
Broome,US,1,1603059162,54.0,42.25,-75.83,37,12.75
Noril'sk,RU,90,1603059163,15.8,69.35,88.2,92,6.71
Krasnosel'kup,RU,100,1603059164,16.02,65.7,82.47,96,14.36
San Patricio,US,40,1603059166,89.6,28.02,-97.52,52,20.8
Bergneustadt,DE,100,1603059167,46.0,51.03,7.65,86,3.62
Ulladulla,AU,75,1603059168,57.99,-35.35,150.47,82,6.93
Omutninsk,RU,100,1603059169,42.91,58.67,52.19,95,10.71
Calvinia,ZA,99,1603059170,59.31,-31.47,19.78,51,3.06
Panlaitan,PH,80,1603059173,82.09,12.12,119.85,78,4.63
Port Macquarie,AU,100,1603059037,66.0,-31.43,152.92,93,1.99
Ponta do Sol,PT,75,1603059175,73.4,32.67,-17.1,83,26.4
Port Lincoln,AU,22,1603059176,55.89,-34.73,135.87,70,8.32
Kruisfontein,ZA,19,1603059178,54.0,-34.0,24.73,89,1.01
Constitución,CL,0,1603059179,55.76,-35.33,-72.42,62,14.67
Hilo,US,90,1603059180,77.0,19.73,-155.09,83,5.82
Oktyabr'skiy,RU,93,1603059181,50.61,54.48,53.47,70,15.48
Pangnirtung,CA,100,1603059183,34.68,66.15,-65.71,84,14.56
Portland,US,75,1603058726,66.99,45.52,-122.68,68,10.29
Navrongo,GH,18,1603059185,83.23,10.9,-1.09,60,4.81
Santa Rosa,PH,20,1603059186,78.8,14.31,121.11,88,4.7
Port Hedland,AU,0,1603059187,69.8,-20.32,118.57,83,9.17
Jamestown,US,90,1603059189,52.0,42.1,-79.24,66,9.17
Bubaque,GW,0,1603059190,82.51,11.28,-15.83,86,10.74
Aklavik,CA,5,1603059191,17.6,68.22,-135.01,67,3.36
Paamiut,GL,40,1603059192,42.76,61.99,-49.67,81,38.41
Bethel,US,20,1603059194,57.2,41.37,-73.41,58,10.29
Iqaluit,CA,90,1603059195,32.0,63.75,-68.51,98,23.04
Leningradskiy,RU,0,1603059196,23.43,69.38,178.42,88,6.29
Severo-Kuril'sk,RU,10,1603059198,47.86,50.68,156.12,83,11.48
Cidreira,BR,52,1603059200,68.13,-30.18,-50.21,84,22.15
Manggar,ID,100,1603059201,80.22,-2.88,108.27,83,10.83
Mandalgovi,MN,79,1603059202,36.43,45.76,106.27,61,11.1
Tiksi,RU,99,1603059190,16.43,71.69,128.87,95,14.05
Xinqing,CN,35,1603059204,29.1,48.23,129.5,88,4.18
Saskylakh,RU,97,1603059128,19.69,71.92,114.08,97,6.58
General Roca,AR,3,1603059207,77.0,-39.03,-67.58,27,3.36
Province of Mantua,IT,0,1603059208,51.01,45.17,10.78,95,3.13
Khatanga,RU,33,1603059209,7.21,71.97,102.5,85,8.25
Nome,US,90,1603059211,39.2,64.5,-165.41,93,10.29
Sungai Penuh,ID,98,1603059212,65.53,-2.08,101.38,89,1.52
Hamilton,US,90,1603058957,60.01,39.18,-84.53,67,12.75
Safi,MA,100,1603059214,65.64,32.3,-9.24,74,6.04
Vila Velha,BR,90,1603059215,71.6,-20.33,-40.29,88,3.36
Ardea,IT,5,1603059217,57.0,41.61,12.51,87,3.36
Codrington,AU,39,1603059218,52.32,-38.27,141.97,88,5.79
Voskresenskoye,RU,87,1603059219,41.38,56.84,45.43,86,11.54
Berbera,SO,0,1603059220,84.74,10.44,45.01,57,10.92
Port Blair,IN,100,1603059222,80.29,11.67,92.75,83,14.99
Saint George,US,1,1603059134,87.8,37.1,-113.58,8,13.87
Kota Kinabalu,MY,20,1603058951,75.2,5.97,116.07,88,6.93
Bambous Virieux,MU,20,1603058986,73.4,-20.34,57.76,73,10.29
Cheney,US,90,1603059226,55.0,47.49,-117.58,100,3.36
Lompoc,US,1,1603059054,73.4,34.64,-120.46,72,17.22
Nishihara,JP,20,1603059229,77.0,26.18,127.76,94,5.82
Río Gallegos,AR,75,1603059230,53.6,-51.62,-69.22,23,23.04
Kashary,RU,100,1603059231,51.67,49.04,41.01,62,5.88
Kaitangata,NZ,99,1603059233,55.0,-46.28,169.85,80,3.69
Ola,RU,93,1603059234,34.41,59.58,151.28,89,10.78
Belmonte Mezzagno,IT,9,1603059236,63.0,38.05,13.39,85,3.47
Sesheke,ZM,0,1603059239,73.4,-17.48,24.3,20,4.7
Isiro,CD,100,1603059240,67.12,2.77,27.62,97,0.98
Srandakan,ID,98,1603059241,75.78,-7.94,110.25,89,5.88
Mayor Pablo Lagerenza,PY,45,1603059243,92.3,-19.93,-60.77,39,10.71
Boulsa,BF,52,1603059245,86.27,12.67,-0.58,40,5.19
Warrington,GB,40,1603059246,51.01,53.39,-2.58,87,5.82
Elverum,NO,11,1603059247,27.0,60.88,11.56,89,4.36
Brae,GB,100,1603059248,41.0,60.4,-1.35,93,9.17
Kenai,US,40,1603059249,37.0,60.55,-151.26,84,8.05
Port Hardy,CA,90,1603059251,50.0,50.7,-127.42,93,8.05
Imbituba,BR,75,1603059252,71.6,-28.24,-48.67,73,10.29
Mabaruma,GY,99,1603059253,79.14,8.2,-59.78,76,5.19
Yangi Marg`ilon,UZ,0,1603059254,51.8,40.43,71.72,57,9.17
Esperance,AU,93,1603059256,51.8,-33.87,121.9,100,10.29
Hongjiang,CN,92,1603059257,53.58,27.11,110.0,87,2.24
Porto-Novo,BJ,40,1603059177,80.6,6.5,2.6,88,9.17
Bairiki Village,KI,20,1603059259,84.2,1.33,172.98,70,10.29
Hofn,IS,91,1603059206,42.31,64.25,-15.21,86,25.84
Dubai,AE,0,1603059143,78.8,25.26,55.3,16,3.36
Khovd,MN,100,1603059263,38.28,48.01,91.64,63,7.54
Batemans Bay,AU,89,1603059253,57.0,-35.72,150.18,65,1.01
Westport,US,40,1603059257,60.8,41.14,-73.36,59,9.17
Port Augusta,AU,40,1603059268,53.01,-32.5,137.77,93,3.36
Nelson Bay,AU,75,1603059269,64.0,-32.72,152.15,93,10.29
Lawton,US,90,1603059270,55.4,34.61,-98.39,81,26.4
Moerai,PF,32,1603059271,75.7,-22.43,-151.33,78,13.53
Nova Odesa,UA,7,1603059274,49.64,47.31,31.79,66,6.82
Pisco,PE,90,1603059257,66.2,-13.7,-76.22,77,5.82
Koutiala,ML,47,1603059276,84.58,12.39,-5.46,44,5.84
Ostrovnoy,RU,69,1603059277,34.18,68.05,39.51,86,13.2
Panzhihua,CN,98,1603059279,63.1,26.59,101.71,80,2.71
Sola,VU,30,1603059280,79.54,-13.88,167.55,77,20.8
Chapais,CA,90,1603059281,46.4,49.78,-74.85,75,16.11
Puerto Rico,AR,9,1603059282,81.5,-26.8,-55.02,45,2.82
Sri Aman,MY,84,1603059283,71.6,1.24,111.46,100,3.36
Hīt,IQ,0,1603059285,70.61,33.64,42.83,31,5.46
Soria,ES,79,1603059286,44.01,41.67,-2.67,72,3.15
Yuryuzan',RU,100,1603059287,37.65,54.86,58.42,76,5.93
Noumea,NC,0,1603059204,77.0,-22.28,166.46,38,6.93
Caraúbas,BR,100,1603059289,78.93,-5.79,-37.56,71,12.39
Nanortalik,GL,96,1603059291,39.22,60.14,-45.24,94,9.84
Cairns,AU,7,1603059257,77.0,-16.92,145.77,73,9.17
Kawalu,ID,100,1603059294,72.77,-7.38,108.21,92,1.86
Tateyama,JP,75,1603059296,59.0,34.98,139.87,76,11.41
Chui,UY,0,1603059297,67.93,-33.7,-53.46,74,8.84
Quatre Cocos,MU,20,1603059298,73.4,-20.21,57.76,78,8.05
Port Elizabeth,ZA,75,1603059299,57.2,-33.92,25.57,87,1.12
Botwood,CA,42,1603059300,52.0,49.15,-55.35,71,2.73
Chokurdakh,RU,93,1603059302,19.15,70.63,147.92,98,6.26
Vanimo,PG,100,1603059303,80.31,-2.67,141.3,78,4.83
Miles City,US,90,1603059257,28.4,46.41,-105.84,74,4.7
Sechura,PE,9,1603059305,73.72,-5.56,-80.82,58,17.54
Yumen,CN,100,1603059307,42.49,40.28,97.2,49,15.64
Mahajanga,MG,20,1603059309,77.0,-15.72,46.32,83,4.7
Santa Elena,EC,90,1603059218,73.4,-2.23,-80.85,83,13.87
Norman Wells,CA,5,1603059313,19.4,65.28,-126.83,73,6.93
Egvekinot,RU,70,1603059314,26.42,66.32,-179.17,88,3.94
Kavieng,PG,67,1603059315,83.95,-2.57,150.8,72,9.26
Lázaro Cárdenas,MX,86,1603059317,84.18,17.96,-102.2,78,5.57
Saint-Joseph,RE,7,1603059318,69.8,-21.37,55.62,64,5.82
Ibotirama,BR,99,1603059319,85.44,-12.19,-43.22,42,7.9
Nikolskoye,RU,90,1603059320,37.4,59.7,30.79,86,4.47
Sambava,MG,7,1603059321,70.56,-14.27,50.17,82,10.29
Verkhnetulomskiy,RU,94,1603059323,23.0,68.61,31.8,100,2.24
Huarmey,PE,49,1603059324,66.76,-10.07,-78.15,71,10.13
Naze,JP,75,1603059325,75.2,28.37,129.48,88,21.92
Siuna,NI,100,1603059328,80.17,13.73,-84.78,92,2.33
Salé,MA,87,1603059254,64.0,34.04,-6.82,87,3.36
Senno,RU,100,1603059330,36.0,59.53,33.92,96,8.77
Ahipara,NZ,16,1603059191,64.67,-35.17,173.17,71,11.41
Akdepe,TM,0,1603059333,46.4,42.06,59.38,42,9.17
Tautira,PF,40,1603059334,84.2,-17.73,-149.15,70,18.34
Mercedes,AR,18,1603059335,87.01,-34.65,-59.43,28,5.01
Zliten,LY,23,1603059336,69.76,32.47,14.57,57,10.56
Cherskiy,RU,91,1603059337,21.11,68.75,161.3,92,6.96
Guanare,VE,100,1603059341,79.21,9.04,-69.74,87,0.96
Abu Samrah,SY,61,1603059342,63.1,35.3,37.18,53,5.19
Aipe,CO,78,1603059344,93.88,3.22,-75.24,33,11.1
Nichinan,JP,75,1603059346,59.0,31.6,131.37,87,6.93
Laguna,US,1,1603059347,91.99,38.42,-121.42,17,4.7
Berlevåg,NO,40,1603059349,26.6,70.86,29.09,92,9.17
Najrān,SA,0,1603059207,66.2,17.49,44.13,25,2.98
Shache,CN,0,1603059352,44.51,38.42,77.24,53,4.79
Alibag,IN,40,1603059353,82.4,18.64,72.88,83,3.06
New Norfolk,AU,79,1603059355,55.99,-42.78,147.06,72,1.99
Awjilah,LY,73,1603059356,77.09,29.11,21.29,28,9.48
South River,US,87,1603059357,61.0,40.45,-74.39,69,8.99
Udimskiy,RU,100,1603059359,34.97,61.14,45.91,98,5.39
Nur-Sultan,KZ,2,1603059360,24.8,51.18,71.45,85,4.47
Kirakira,SB,97,1603059361,83.68,-10.45,161.92,74,7.45
Freeport,US,75,1603059223,60.8,40.66,-73.58,62,10.29
Goderich,CA,100,1603059363,53.01,43.75,-81.72,91,5.01
Castro,BR,87,1603059171,61.45,-24.79,-50.01,90,7.67
Lac-Mégantic,CA,20,1603059366,55.4,45.58,-70.88,32,10.29
Ulaangom,MN,56,1603059367,33.46,49.98,92.07,88,2.51
Remontnoye,RU,95,1603059368,57.2,46.56,43.65,67,8.95
Zaraysk,RU,100,1603059369,36.0,54.77,38.88,73,3.0
Rawson,AR,35,1603059371,70.14,-43.3,-65.1,22,27.29
Erenhot,CN,0,1603059372,42.75,43.65,111.98,54,12.95
Caravelas,BR,66,1603059373,72.88,-17.71,-39.25,81,8.55
Pontianak,ID,91,1603059217,75.67,-0.03,109.33,93,3.2
Atlantis,ZA,100,1603059376,59.0,-33.57,18.48,87,5.21
Avarua,CK,88,1603059377,78.8,-21.21,-159.78,74,9.17
Gobabis,NA,0,1603059378,72.54,-22.45,18.97,19,12.06
Grindavik,IS,20,1603059379,41.0,63.84,-22.43,86,19.46
Voh,NC,0,1603059381,76.41,-20.97,164.7,58,4.68
Camacha,PT,40,1603059382,71.6,33.08,-16.33,88,21.92
Husavik,IS,90,1603059383,41.0,66.04,-17.34,75,14.99
Basoko,CD,94,1603059384,72.41,1.24,23.62,91,0.6
Coxim,BR,99,1603059385,86.16,-18.51,-54.76,49,8.68
Sur,OM,15,1603059387,82.31,22.57,59.53,43,16.17
Longyan,CN,22,1603059388,60.66,25.11,117.02,87,3.6
Lavrentiya,RU,32,1603059203,36.3,65.58,-171.0,86,4.07
Arrondissement de Reims,FR,78,1603059390,48.2,49.17,4.08,93,1.12
Epe,NG,7,1603059392,76.96,6.58,3.98,91,3.47
Novouzensk,RU,88,1603059393,59.65,50.46,48.14,75,10.51
Riviere-au-Renard,CA,75,1603059394,44.6,49.0,-64.4,75,5.82
Pozo Colorado,PY,21,1603059395,82.67,-23.49,-58.8,60,5.68
Tonj,SS,98,1603059398,71.04,7.27,28.68,93,2.64
Ribeira Grande,PT,57,1603059399,63.91,38.52,-28.7,75,21.41
Omboué,GA,95,1603059400,76.89,-1.57,9.26,89,8.34
Hambantota,LK,92,1603059401,77.0,6.12,81.12,94,4.7
Airai,TL,43,1603059403,62.33,-8.93,125.41,61,2.3
College,US,90,1603059231,19.99,64.86,-147.8,62,4.7
Serik,TR,40,1603059405,71.6,36.92,31.1,83,6.93
Jenbach,AT,75,1603059406,43.0,47.4,11.74,87,1.12
Ejura,GH,86,1603059369,73.9,7.39,-1.36,95,3.53
Gemeente Hoogeveen,NL,92,1603059409,46.99,52.68,6.58,95,1.99
Tobermory,CA,100,1603059410,39.99,45.25,-81.67,91,1.99
Tura,IN,0,1603059411,72.34,25.52,90.22,91,1.79
Neiafu,TO,40,1603059412,77.0,-18.65,-173.98,73,4.7
Mahébourg,MU,20,1603059413,73.4,-20.41,57.7,78,8.05
Lumeje,AO,0,1603059415,72.34,-11.55,20.78,51,2.98
Lira,UG,100,1603059416,64.89,2.23,32.91,93,2.13
Virginia Beach,US,38,1603059394,68.0,36.85,-75.98,79,8.97
Fortuna,US,20,1603059418,68.0,40.6,-124.16,63,14.99
Petropavlovsk-Kamchatskiy,RU,75,1603059420,42.8,53.05,158.65,100,4.47
Yarensk,RU,100,1603059421,32.31,62.17,49.09,98,8.16
Bilibino,RU,90,1603059422,16.3,68.05,166.44,94,2.19
Srednekolymsk,RU,82,1603059423,22.98,67.45,153.68,98,2.37
Itupiranga,BR,20,1603059424,87.8,-5.13,-49.33,58,3.36
Skjervøy,NO,3,1603059426,38.91,70.03,20.97,73,6.22
Assiut,EG,0,1603059427,73.4,27.18,31.18,56,2.75
Kukushtan,RU,75,1603059429,41.0,57.65,56.5,86,15.66
Meulaboh,ID,100,1603059432,76.01,4.14,96.13,83,4.23
San Quintín,MX,89,1603059433,80.65,30.48,-115.95,44,19.26
Upata,VE,60,1603059434,91.0,8.01,-62.4,58,1.63
Saint-Pierre,RE,0,1603059435,69.8,-21.34,55.48,64,5.82
Calama,CL,0,1603059248,77.0,-22.47,-68.93,6,23.04
Stokmarknes,NO,17,1603059438,36.0,68.56,14.91,71,7.0
Carroll,US,100,1603059439,60.01,39.55,-77.02,67,4.14
Buchanan,LR,75,1603059440,77.0,5.88,-10.05,94,7.07
San Angelo,US,1,1603059370,91.99,31.46,-100.44,27,3.36
Fairbanks,US,90,1603059443,19.99,64.84,-147.72,62,4.7
Kota Tinggi,MY,20,1603059444,78.8,1.74,103.9,94,2.24
Moose Factory,CA,90,1603059243,35.6,51.26,-80.61,93,8.05
Mazamet,FR,2,1603059446,51.01,43.49,2.37,93,4.7
Teahupoo,PF,40,1603059448,84.2,-17.83,-149.27,70,18.34
Petoa,HN,40,1603059449,87.8,15.27,-88.28,70,12.75
Manoel Urbano,BR,87,1603059450,78.48,-8.84,-69.26,73,3.87
Kumul,CN,47,1603059196,42.19,42.8,93.45,56,1.14
Port-Gentil,GA,90,1603059452,78.8,-0.72,8.78,88,9.17
Beyla,GN,97,1603059454,69.8,8.68,-8.63,93,2.39
Ganzhou,CN,100,1603059455,58.42,28.82,115.43,83,3.51
Pineville,US,20,1603059308,82.99,31.32,-92.43,58,12.75
Naryan-Mar,RU,18,1603059459,28.35,67.67,53.09,96,2.06
Porto Seguro,BR,75,1603059460,73.4,-16.45,-39.06,83,6.93
Nouadhibou,MR,28,1603059461,82.4,20.93,-17.03,45,12.75
Puerto Escondido,MX,40,1603059463,87.8,15.85,-97.07,62,8.05
Sumbe,AO,100,1603059208,75.76,-11.21,13.84,84,6.4
Chimoré,BO,59,1603059466,89.87,-16.98,-65.13,38,2.24
Tindwāri,IN,23,1603059467,79.57,25.62,80.53,50,3.18
Soe,ID,0,1603059468,68.83,-9.86,124.28,72,2.44
Rehoboth,NA,37,1603059469,71.2,-23.32,17.08,21,9.69
Santa Maria,BR,0,1603059471,72.79,-29.68,-53.81,62,5.55
Negombo,LK,40,1603059472,78.8,7.21,79.84,94,2.24
Chihuahua,MX,5,1603059294,87.8,28.5,-106.0,16,5.82
Terme,TR,75,1603059474,64.4,41.21,36.97,88,1.12
Lismore,AU,40,1603059249,68.0,-28.81,153.28,77,8.05
Jutaí,BR,20,1603059477,83.84,-5.18,-68.9,65,2.39
Whitehorse,CA,75,1603059478,26.6,60.72,-135.05,53,11.41
Saryozek,KZ,0,1603059479,40.82,44.36,77.98,66,1.23
Acobamba,PE,90,1603059480,56.19,-11.35,-75.66,65,5.91
Rey Bouba,CM,0,1603059482,77.32,8.67,14.18,64,1.99
Visakhapatnam,IN,75,1603059483,80.6,17.69,83.21,94,2.24
Viedma,AR,0,1603059484,73.99,-40.81,-63.0,21,5.79
Port Moresby,PG,75,1603059485,78.8,-9.44,147.18,94,3.36
Bhaderwah,IN,0,1603059487,52.93,32.98,75.72,39,2.57
Anapskaya,RU,20,1603059488,62.6,44.89,37.38,88,6.71
Mollendo,PE,91,1603059489,62.71,-17.02,-72.01,75,4.23
Zhezkazgan,KZ,0,1603059490,43.12,47.8,67.71,57,8.61
Iquique,CL,40,1603059491,66.2,-20.22,-70.14,59,10.29
Puerto Nariño,CO,75,1603059493,82.4,-3.77,-70.38,83,4.7
Macapá,BR,90,1603059242,87.8,0.04,-51.07,70,13.87
Kiruna,SE,70,1603059495,26.6,67.86,20.23,86,17.22
Poum,NC,0,1603059496,74.07,-20.23,164.02,72,16.75
Vardø,NO,75,1603059238,30.2,70.37,31.11,86,13.87
Comodoro Rivadavia,AR,40,1603059234,64.4,-45.87,-67.5,20,36.91
Invermere,CA,98,1603059305,40.73,50.52,-116.04,64,1.61
Kresttsy,RU,100,1603059501,39.13,58.25,32.52,84,11.18
Shirokiy,RU,96,1603059502,30.76,49.76,129.52,89,5.26
Río Tercero,AR,0,1603059503,95.0,-32.17,-64.11,27,1.99
Linköping,SE,5,1603059270,39.2,58.41,15.62,51,11.41
Parlākimidi,IN,73,1603059507,76.77,18.77,84.08,83,3.87
Alekseyevka,RU,0,1603059508,43.77,50.63,38.69,73,5.64
Sitka,US,75,1603059510,44.6,57.05,-135.33,65,4.7
Nantucket,US,20,1603059511,54.0,41.28,-70.1,71,5.82
Chengde,CN,0,1603059512,43.41,40.97,117.94,59,2.51
Port Said,EG,20,1603059514,77.0,31.26,32.28,78,6.93
La Sarre,CA,100,1603059506,38.34,48.8,-79.2,97,7.25
Yerbogachën,RU,100,1603059237,36.82,61.28,108.01,96,6.64
São Filipe,CV,42,1603059518,80.6,14.9,-24.5,80,8.5
Kabalo,CD,12,1603059366,71.33,-6.05,26.92,84,4.14
Port-Cartier,CA,75,1603059522,41.0,50.03,-66.87,93,5.82
Ürümqi,CN,34,1603059523,51.8,43.8,87.6,32,11.18
Gus-Zheleznyy,RU,90,1603059525,38.95,55.06,41.17,75,13.11
Tezu,IN,0,1603059526,72.84,27.92,96.17,67,3.47
Tanout,NE,0,1603059528,88.65,14.97,8.89,12,7.4
Ishinomaki,JP,75,1603059256,50.0,38.42,141.3,81,2.24
Kutum,SD,0,1603059530,76.5,14.2,24.67,18,7.85
Piaçabuçu,BR,82,1603059531,75.02,-10.41,-36.43,77,8.57
Harper,LR,100,1603059533,77.22,4.38,-7.72,90,6.67
Malbork,PL,54,1603059534,39.0,54.04,19.03,100,8.95
Tsumeb,NA,0,1603059535,74.32,-19.23,17.72,17,10.04
Umluj,SA,0,1603059430,84.54,25.02,37.27,43,5.95
Nyandoma,RU,95,1603059537,28.26,61.67,40.2,99,0.27
St. George's,GD,20,1603059539,86.0,12.06,-61.75,79,9.17
Spirit River,CA,40,1603059540,23.0,55.78,-118.84,62,2.24
Boueni,YT,0,1603059541,77.0,-12.9,45.08,78,5.82
Puerto Baquerizo Moreno,EC,90,1603059254,69.8,-0.9,-89.6,100,14.99
Vostok,RU,0,1603059545,24.49,46.49,135.88,91,4.09
Bom Jesus da Lapa,BR,98,1603059426,81.09,-13.26,-43.42,55,10.49
Tortolì,IT,40,1603059547,59.0,39.93,9.66,87,8.05
Massakory,TD,2,1603059548,88.3,13.0,15.73,15,6.89
La Ronge,CA,90,1603059549,28.4,55.1,-105.28,68,10.29
Pochutla,MX,20,1603059551,89.6,15.74,-96.47,59,9.17
Geraldton,AU,90,1603059552,60.8,-28.77,114.6,93,5.82
Morondava,MG,19,1603059553,73.85,-20.28,44.28,90,4.41
Namatanai,PG,0,1603059554,83.66,-3.67,152.43,65,4.56
Kloulklubed,PW,90,1603059556,82.4,7.04,134.26,83,8.05
Wanaka,NZ,94,1603059557,52.38,-44.7,169.15,73,1.21
Bezdan,RS,0,1603059558,42.8,45.85,18.93,93,2.24
Kanigoro,ID,98,1603059559,74.68,-8.13,112.22,89,5.41
Lasem,ID,69,1603059560,77.99,-6.69,111.45,79,6.11
Powell River,CA,90,1603059304,51.8,49.85,-124.54,87,5.82
Tibati,CM,35,1603059563,67.08,6.47,12.63,87,3.2
Rongcheng,CN,100,1603059564,57.85,30.63,117.85,76,2.93
Agadez,NE,0,1603059565,84.4,19.75,10.25,14,7.49
Andenes,NO,20,1603059567,37.4,69.31,16.12,64,14.99
Mehamn,NO,40,1603059568,26.6,71.04,27.85,92,9.17
Winton,US,1,1603059569,95.0,37.39,-120.61,17,6.49
Bengkulu,ID,100,1603059570,74.89,-3.8,102.27,92,4.97
Miguel Hidalgo,MX,40,1603059571,77.0,19.42,-99.2,31,6.93
Shingū,JP,100,1603059574,60.76,33.73,135.98,71,5.12
Todos Santos,MX,0,1603059575,84.99,23.45,-110.22,78,5.01
Lata,PT,74,1603059576,63.0,40.16,-8.33,83,5.68
Lerwick,GB,100,1603059491,41.0,60.15,-1.15,93,9.17
Esim,GH,58,1603059301,77.67,4.87,-2.24,88,7.49
Bose,IT,1,1603059581,52.0,45.46,8.01,90,3.38
Riacho de Santana,BR,37,1603059582,78.93,-13.61,-42.94,56,6.53
Bilma,NE,0,1603059583,82.62,18.69,12.92,15,5.77
Walvis Bay,NA,0,1603059585,59.0,-22.96,14.51,82,10.29
Merrill,US,75,1603059587,39.2,45.18,-89.68,44,5.82
Chumikan,RU,70,1603059588,26.04,54.72,135.31,86,18.97
Lagunas,PE,54,1603059590,90.66,-5.23,-75.68,49,2.28
Staryy Nadym,RU,40,1603059591,23.47,65.61,72.68,97,11.41
Puri,IN,40,1603059592,77.0,19.8,85.85,100,2.24
Buluang,PH,100,1603059593,77.09,13.31,123.34,90,3.06
Buala,SB,39,1603059594,84.38,-8.14,159.59,71,5.39
Olafsvik,IS,53,1603059596,43.5,64.89,-23.71,79,29.04
Dakar,SN,0,1603059300,84.2,14.69,-17.44,89,2.24
Lampazos de Naranjo,MX,0,1603059599,93.94,27.02,-100.52,30,9.1
Ngunguru,NZ,3,1603059601,70.0,-35.62,174.5,66,8.01
Tres Arroyos,AR,74,1603059602,64.44,-38.37,-60.28,83,8.57
Mwinilunga,ZM,0,1603059603,67.62,-11.74,24.43,44,3.4
Ubari,LY,92,1603059604,78.3,26.59,12.78,28,19.04
Valdivia,CL,33,1603059605,53.19,-39.81,-73.25,70,6.69
Narsaq,GL,90,1603059607,35.6,60.92,-46.05,80,4.7
Ekhabi,RU,75,1603059609,33.03,53.51,142.97,91,16.51
Samarai,PG,55,1603059610,80.22,-10.62,150.67,86,7.2
Cairo,EG,0,1603059374,73.4,30.06,31.25,83,12.75
Bemidji,US,90,1603059606,30.99,47.47,-94.88,63,9.17
Rio Grande,BR,0,1603059504,70.0,-32.03,-52.1,86,4.0
Merauke,ID,99,1603059615,80.29,-8.47,140.33,77,10.33
Leshukonskoye,RU,100,1603059617,30.81,64.9,45.76,97,8.5
Aksu,CN,0,1603059618,47.23,41.12,80.26,50,1.52
Bagan,RU,29,1603059619,30.65,54.1,77.66,94,7.52
Finschhafen,PG,80,1603059620,82.99,-6.6,147.87,68,4.97
Mayo,US,1,1603059623,62.6,38.89,-76.51,67,6.69
Peniche,PT,100,1603059624,60.01,39.36,-9.38,77,9.35
Flinders,AU,65,1603059625,63.0,-34.58,150.86,73,4.0
Kanniyākumāri,IN,100,1603059628,78.82,8.08,77.57,82,14.36
Ballina,AU,75,1603059629,68.0,-28.87,153.57,88,4.7
Linhares,BR,100,1603059630,69.66,-19.39,-40.07,79,4.65
Tual,ID,60,1603059631,80.55,-5.67,132.75,81,13.44
Trairi,BR,85,1603059632,79.34,-3.28,-39.27,75,10.49
Atambua,ID,10,1603059634,74.97,-9.11,124.89,74,2.04
Fort-Shevchenko,KZ,0,1603059635,61.05,44.51,50.26,36,15.99
Coquimbo,CL,0,1603059636,59.0,-29.95,-71.34,77,9.17
New Smyrna Beach,US,90,1603059384,75.99,29.03,-80.93,88,13.87
Karratha,AU,1,1603059640,62.26,-20.74,116.85,91,10.13
Kirpilskaya,RU,99,1603059641,66.0,45.38,39.69,82,4.47
Zanjān,IR,0,1603059642,53.71,36.67,48.48,36,5.44
Nador,MA,38,1603059582,66.2,35.17,-2.93,77,2.24
Kahului,US,40,1603059645,89.6,20.89,-156.47,46,6.93
Fort Nelson,CA,5,1603059646,28.4,58.81,-122.7,50,3.36
Poplar Bluff,US,90,1603059488,61.0,36.76,-90.39,77,8.05
Touros,BR,20,1603059648,78.8,-5.2,-35.46,78,10.29
Böhl-Iggelheim,DE,91,1603059650,50.0,49.38,8.3,85,3.67
Inta,RU,80,1603059651,25.23,66.03,60.17,96,4.45
Adrar,MR,1,1603059652,88.2,20.5,-10.07,20,9.75
Baturaja,ID,88,1603059427,73.67,-4.13,104.17,94,1.92
Lorengau,PG,90,1603059655,84.24,-2.02,147.27,73,7.78
Aparecida do Taboado,BR,94,1603059657,87.48,-20.09,-51.09,35,7.49
Muros,ES,99,1603059658,55.99,42.78,-9.06,87,7.9
Lashio,MM,100,1603059661,64.45,22.93,97.75,98,1.57
Oriximiná,BR,97,1603059662,86.7,-1.77,-55.87,48,1.16
Erzin,TR,21,1603059663,75.0,36.96,36.2,81,2.1
Lagoa,PT,66,1603059664,62.98,39.05,-27.98,75,20.69
Takoradze,GH,33,1603059666,77.54,4.88,-1.76,89,7.83
Lake Havasu City,US,1,1603059453,100.0,34.48,-114.32,6,6.93
Lebedinyy,RU,0,1603059668,6.93,58.52,125.52,91,9.82
Tahoua,NE,0,1603059670,89.6,14.89,5.27,43,5.95
Chalmette,US,40,1603059830,81.0,29.94,-89.96,69,14.99
Simbahan,PH,99,1603059831,82.38,6.3,120.58,78,14.94
Tessalit,ML,0,1603059832,84.54,20.2,1.01,15,10.63
Plettenberg Bay,ZA,53,1603059833,57.61,-34.05,23.37,81,2.77
Dindori,IN,0,1603059835,69.62,22.95,81.08,79,3.76
Flin Flon,CA,90,1603059836,30.2,54.77,-101.86,80,11.41
Caloundra,AU,41,1603059837,73.99,-26.8,153.13,60,4.0
Buritis,BR,71,1603059838,80.31,-15.62,-46.42,57,1.36
São Raimundo Nonato,BR,56,1603059841,85.06,-9.02,-42.7,30,3.91
Luanda,AO,40,1603059843,77.0,-8.84,13.23,83,8.05
Makakilo City,US,40,1603059844,84.2,21.35,-158.09,70,10.29
Quelimane,MZ,0,1603059846,71.6,-17.88,36.89,88,4.7
Benguela,AO,55,1603059847,75.51,-12.58,13.41,76,3.91
Ugoofaaru,MV,68,1603059848,82.27,5.67,73.0,77,13.56
Bonthe,SL,100,1603059851,78.53,7.53,-12.51,88,5.79
Cabo San Lucas,MX,40,1603059689,88.0,22.89,-109.91,74,6.93
La Santisima Trinidad,BO,73,1603059853,93.2,-14.83,-64.9,49,4.7
Sabang,ID,99,1603059854,82.96,5.89,95.32,72,13.67
Greenwood,US,1,1603059855,68.0,34.17,-82.12,59,3.8
Rathkeale,IE,75,1603059857,55.4,52.52,-8.94,87,12.75
Linkou,CN,7,1603059859,32.72,45.3,130.28,90,5.37
Chipata,ZM,0,1603059860,69.48,-13.63,32.65,33,3.85
Isla Pucú,PY,39,1603059861,91.4,-25.3,-56.9,41,11.41
Cehegín,ES,3,1603059863,61.0,38.09,-1.8,74,1.01
Carutapera,BR,100,1603059864,79.0,-1.2,-46.02,78,6.73
Province of Palermo,IT,23,1603059679,63.0,37.82,13.58,80,1.01
Jefferson City,US,90,1603059765,46.0,38.58,-92.17,75,9.17
Spornoye,RU,75,1603059868,41.0,50.84,37.29,80,4.47
Montepuez,MZ,0,1603059869,69.28,-13.13,39.0,80,6.73
San Ramon,US,1,1603059750,91.0,37.78,-121.98,14,4.7
Jimo,CN,43,1603059871,46.4,36.39,120.46,93,2.24
São José da Coroa Grande,BR,82,1603059872,75.52,-8.9,-35.15,76,9.13
Grand Gaube,MU,0,1603059874,73.0,-20.01,57.66,74,3.0
Granada,ES,13,1603059875,60.8,37.19,-3.61,51,9.17
Kununurra,AU,85,1603059582,78.8,-15.77,128.73,94,12.12
Jiaocheng,CN,68,1603059877,62.64,24.68,116.14,84,3.44
Perth,AU,0,1603059815,66.0,-31.93,115.83,55,5.82
Liberty,US,1,1603059880,77.0,31.83,-81.5,65,9.17
Puerto Peñasco,MX,30,1603059879,84.0,31.32,-113.53,74,5.99
São João da Barra,BR,75,1603059882,73.4,-21.64,-41.05,78,11.41
Avera,US,1,1603059884,71.6,33.19,-82.53,64,8.05
Andros Town,BS,75,1603059886,78.8,24.7,-77.77,83,13.87
Oranjemund,NA,0,1603059887,58.21,-28.55,16.43,86,11.54
Torbay,CA,90,1603059888,54.0,47.67,-52.73,100,6.93
Departamento de Maldonado,UY,17,1603059889,77.0,-34.67,-54.92,69,8.05
Appingedam,NL,99,1603059891,50.0,53.32,6.86,93,1.99
Amapá,BR,97,1603059892,82.53,1.0,-52.0,55,3.87
Anadyr,RU,0,1603059893,23.0,64.75,177.48,92,4.47
Arganil,PT,66,1603059894,63.0,40.22,-8.05,83,6.98
Hay River,CA,75,1603059895,26.6,60.82,-115.8,63,6.93
Camocim,BR,79,1603059897,79.59,-2.9,-40.84,73,13.89
Te Anau,NZ,100,1603059898,44.96,-45.42,167.72,92,3.83
Cabedelo,BR,20,1603059899,77.0,-6.98,-34.83,83,8.05
Wucheng,CN,100,1603059900,57.83,29.6,118.17,90,2.3
Auki,SB,63,1603059901,85.39,-8.77,160.7,66,2.33
Wyndham,US,20,1603059903,64.0,37.7,-77.61,82,1.61
Saint Anthony,US,90,1603059905,35.6,45.02,-93.22,50,12.75
Matara,LK,90,1603059906,77.99,5.95,80.54,87,10.31
Songjianghe,CN,0,1603059908,33.04,42.19,127.48,87,6.24
Coahuayana Viejo,MX,75,1603059909,82.4,18.73,-103.68,78,17.22
Alexandria,EG,0,1603059910,73.4,31.22,29.96,88,3.36
Russell,US,1,1603059911,78.8,32.35,-85.2,47,4.7
Belaya Gora,RU,97,1603059913,20.12,68.53,146.42,98,9.26
Virden,US,100,1603059914,46.99,39.5,-89.77,77,5.01
Swan River,CA,70,1603059916,31.95,52.11,-101.27,80,12.8
Jena,DE,100,1603059917,48.0,50.93,11.58,89,6.8
Bukachacha,RU,53,1603059919,29.59,52.98,116.92,97,2.64
Tinos,GR,20,1603059920,69.8,37.54,25.16,68,14.99
Barcelona,ES,20,1603059868,57.99,41.39,2.16,82,6.93
Gerāsh,IR,0,1603059922,57.2,27.67,54.14,30,4.7
Panubigan,PH,92,1603059924,78.15,7.43,123.35,84,3.94
Uvarovka,RU,87,1603059925,36.19,55.53,35.61,90,12.19
Augusto Corrêa,BR,96,1603059926,78.44,-1.02,-46.63,78,5.21
Zhangye,CN,82,1603059927,41.74,38.93,100.45,53,4.76
Aleksandrov Gay,RU,93,1603059928,58.55,50.15,48.57,73,11.99
